Lat,Lon,BNPP,MAT,MAP,SOL,PET,AI,STN,SOC,PH,BD,CN,SILT,CLAY,ELEV,ASP,SLOPE,Formation
60.6,7.5,410,-1.7,1174,104149,429,27330,0.76829,13.069,5.9089,1.0011,17.011,18.514,17.894,1216,188.926,3.25632,"Boreal Grassland, Meadow & Shrubland"
60.6,7.5,245,-1.7,1174,104149,429,27330,0.76829,13.069,5.9089,1.0011,17.011,18.514,17.894,1216,188.926,3.25632,"Boreal Grassland, Meadow & Shrubland"
54,-105,410,-0.358333,474,148069,802,5907,0.3695,5.3568,5.3754,1.4296,14.497,26.441,11.77,595,205.242,0.464677,"Temperate Grassland, Meadow & Shrubland"
51.67,36.5,748,5.895,622,128115,893,6955,0.856842,9.7921,6.71902,1.13198,11.4614,30.8254,24.6134,205,351.115,0.587759,"Temperate Grassland, Meadow & Shrubland"
51.83,94.42,652.6666667,-2.23533,304,151475,875,3476,0.851019,10.8885,6.10187,1.03755,12.8316,25.3344,17.959,786,75.9015,3.66909,Cool Semi-Desert Scrub & Grassland
50.8,-107.95,635.6666667,3.575,347,160924,1097,3162,0.70802,7.0321,6.7478,1.4671,9.932,36.949,28.115,662,188.839,0.471792,"Temperate Grassland, Meadow & Shrubland"
50.7,-107.72,600,3.65833,358,161647,1101,3247,0.688888,7.25908,6.68984,1.45894,10.5378,39.4698,25.4242,660,107.811,1.41398,"Temperate Grassland, Meadow & Shrubland"
50.18,-98.32,263,2.19333,516,150185,791,6517,0.897599,13.3972,6.89381,1.42508,14.9386,45.0763,29.0064,246,99.2097,0.0874539,"Temperate Grassland, Meadow & Shrubland"
50.18,-98.32,359,2.19333,516,150185,791,6517,0.897599,13.3972,6.89381,1.42508,14.9386,45.0763,29.0064,246,99.2097,0.0874539,"Temperate Grassland, Meadow & Shrubland"
48.85555556,16.04888889,100.3,9.41667,510,133557,976,5228,0.612426,5.9333,6.68884,1.362,9.73246,45.2094,28.3756,258,176.642,1.83142,"Alpine Scrub, Forb Meadow & Grassland"
46.88,-102.82,715,5.748,417,164478,1290,3230,0.633976,6.59136,6.91338,1.47903,10.4207,37.1794,30.3906,739,164.228,0.508924,"Temperate Grassland, Meadow & Shrubland"
47.05,108.13,187.3,-0.356667,222,172283,1061,2091,0.575656,4.23188,7.0542,1.41624,7.34514,35.9718,19.5182,1409,216.479,1.74423,"Temperate Grassland, Meadow & Shrubland"
46.4,-119.55,367.6,11.35,205,170129,1582,1295,0.26595,2.5349,7.1178,1.571,9.5315,44.27,13.758,386,53.4057,3.61574,"Temperate Grassland, Meadow & Shrubland"
46.65,-99.35,340,4.98333,439,158041,1190,3687,0.92593,6.9532,7.2258,1.4732,7.5094,31.254,20.916,596,282.932,0.533367,"Temperate Grassland, Meadow & Shrubland"
46.65,-99.35,340,4.98333,439,158041,1190,3687,0.92593,6.9532,7.2258,1.4732,7.5094,31.254,20.916,596,282.932,0.533367,"Temperate Grassland, Meadow & Shrubland"
46.9,-102.82,932,5.71333,420,164423,1299,3234,0.602088,6.77896,6.69956,1.48462,11.2614,29.2052,19.3102,762,130.958,0.6086,"Temperate Grassland, Meadow & Shrubland"
46.77719,9.97533,216,-2.566,1295,161255,651,19869,1.1646,17.3031,5.64198,0.946084,14.8569,8.9398,17.0417,2658,161.972,8.29707,"Alpine Scrub, Forb Meadow & Grassland"
46.79147,9.97692,241,-1.39731,1244,159180,690,18072,1.16999,17.6648,5.58647,0.887533,15.1217,11.0422,16.5055,2414,299.319,14.8172,"Alpine Scrub, Forb Meadow & Grassland"
46.81831,9.97766,373,0.868985,1074,155391,758,14179,1.15692,15.2337,5.53534,0.865072,13.1727,18.334,13.4615,2000,241.851,9.14796,"Alpine Scrub, Forb Meadow & Grassland"
46.82676,9.97203,388,0.895166,1084,155265,758,14292,1.17418,13.9201,5.52785,0.891624,11.8673,19.4252,13.7471,1978,270.5,17.6202,"Alpine Scrub, Forb Meadow & Grassland"
46.83607,9.96617,305,1.6303,1024,154083,778,13165,1.22519,13.9403,5.34107,0.873745,11.4064,24.0191,12.4732,1809,254.866,22.4213,"Alpine Scrub, Forb Meadow & Grassland"
46.51666667,-106.6333333,152.174,7.44167,299,169412,1469,2034,0.51616,4.4478,7.449,1.4845,8.617,43.43,26.887,845,292.47,1.6927,"Temperate Grassland, Meadow & Shrubland"
46.58,9.79,622.881,-0.0976667,1095,160242,735,14915,1.17571,16.8584,5.30617,0.919761,14.3476,18.4196,13.7345,2332,180.189,11.0588,"Alpine Scrub, Forb Meadow & Grassland"
47.17,11,75,-0.955,1193,151610,662,18074,1.18168,17.4918,5.59332,0.928692,14.7974,11.4226,15.8998,2467,193.102,12.2455,"Alpine Scrub, Forb Meadow & Grassland"
45.57,-93.58,180,6.15033,743,153317,1035,7176,0.648358,7.55241,5.74421,1.54329,11.6883,31.0565,18.3768,297,130.403,0.172676,"Temperate Grassland, Meadow & Shrubland"
45.57,-93.58,540,6.15033,743,153317,1035,7176,0.648358,7.55241,5.74421,1.54329,11.6883,31.0565,18.3768,297,130.403,0.172676,"Temperate Grassland, Meadow & Shrubland"
45.78,-110.78,471,2.47467,569,166699,1160,4897,0.56317,10.2855,5.56711,1.53371,18.3412,42.2532,16.0286,2303,114.689,5.05156,Cool Semi-Desert Scrub & Grassland
46.1,123,121.061,5.14167,407,175538,1316,3091,0.58412,6.3468,7.4082,1.2882,10.866,35.078,23.703,160,58.2188,0.291766,"Temperate Grassland, Meadow & Shrubland"
46.1,123,123.841,5.14167,407,175538,1316,3091,0.58412,6.3468,7.4082,1.2882,10.866,35.078,23.703,160,58.2188,0.291766,"Temperate Grassland, Meadow & Shrubland"
46.1,123,124.253,5.14167,407,175538,1316,3091,0.58412,6.3468,7.4082,1.2882,10.866,35.078,23.703,160,58.2188,0.291766,"Temperate Grassland, Meadow & Shrubland"
46.03333333,122.3833333,598.5,4.54167,425,176059,1303,3260,0.52408,5.8758,7.448,1.2993,11.212,30.518,17.526,286,281.933,0.691969,"Temperate Grassland, Meadow & Shrubland"
46.01472222,11.04583333,828.8888889,5.66514,352,154670,912,3854,1.09406,11.9397,5.70564,0.940623,11.0504,36.4488,13.8477,1573,158.279,11.12,"Alpine Scrub, Forb Meadow & Grassland"
45.53,-102,399,7.13667,425,168089,1399,3037,0.68538,5.59112,6.92448,1.49646,8.163,34.481,23.9124,725,119.344,0.380246,"Temperate Grassland, Meadow & Shrubland"
45.78,-110.78,471,2.47467,569,166699,1160,4897,0.56317,10.2855,5.56711,1.53371,18.3412,42.2532,16.0286,2303,114.689,5.05156,Cool Semi-Desert Scrub & Grassland
44.7,120.85,862,6.56667,392,181587,1465,2675,0.53308,4.3608,7.1963,1.315,8.1803,32.135,20.235,356,185.358,1.12844,"Temperate Grassland, Meadow & Shrubland"
44.625,-110.085,561.7023333,0.695,602,171342,1071,5622,0.613034,8.03724,5.8816,1.64182,13.1108,38.0742,15.5976,2516,300.383,8.0576,Cool Semi-Desert Scrub & Grassland
44.6,123.54,247.401,6.03667,420,180446,1336,3145,0.588,6.259,7.401,1.26902,10.6444,22.2998,17.4226,140,0,0.0352237,"Temperate Grassland, Meadow & Shrubland"
44.6,123.54,363.862,6.03667,420,180446,1336,3145,0.588,6.259,7.401,1.26902,10.6444,22.2998,17.4226,140,0,0.0352237,"Temperate Grassland, Meadow & Shrubland"
44.46,-93.15,303.659,7.05,788,156515,1081,7287,0.637864,6.4227,6.09578,1.53524,10.0882,39.2426,15.6298,290,310.292,0.448369,"Temperate Grassland, Meadow & Shrubland"
44.46,-93.15,519.512,7.05,788,156515,1081,7287,0.637864,6.4227,6.09578,1.53524,10.0882,39.2426,15.6298,290,310.292,0.448369,"Temperate Grassland, Meadow & Shrubland"
44.57416667,123.5186111,384.307,6.07572,435,178990,1338,3252,0.611608,6.17581,7.3083,1.26822,10.0978,34.8148,26.0867,148,21.2153,0.233875,"Temperate Grassland, Meadow & Shrubland"
44.56666667,122.9166667,878.409,6.39167,431,179516,1390,3100,0.54058,5.1701,7.4511,1.3168,9.5641,22.377,21.494,151,15.8064,0.0402166,"Temperate Grassland, Meadow & Shrubland"
44.56666667,122.9166667,897.523,6.39167,431,179516,1390,3100,0.54058,5.1701,7.4511,1.3168,9.5641,22.377,21.494,151,15.8064,0.0402166,"Temperate Grassland, Meadow & Shrubland"
44.7,123.7583333,66.934,5.73333,436,178654,1312,3321,0.63034,6.3818,7.5524,1.2585,10.124,25.571,24.303,153,78.2001,0.0745932,"Temperate Grassland, Meadow & Shrubland"
43.43,-103.47,272,8.44933,431,179765,1525,2826,0.471652,5.48214,7.21478,1.55058,11.6164,35.3331,17.1745,1107,246.097,6.03349,"Temperate Grassland, Meadow & Shrubland"
43.43,-103.47,245,8.44933,431,179765,1525,2826,0.471652,5.48214,7.21478,1.55058,11.6164,35.3331,17.1745,1107,246.097,6.03349,"Temperate Grassland, Meadow & Shrubland"
43.43,-103.47,176,8.44933,431,179765,1525,2826,0.471652,5.48214,7.21478,1.55058,11.6164,35.3331,17.1745,1107,246.097,6.03349,"Temperate Grassland, Meadow & Shrubland"
43.43,-103.47,123,8.44933,431,179765,1525,2826,0.471652,5.48214,7.21478,1.55058,11.6164,35.3331,17.1745,1107,246.097,6.03349,"Temperate Grassland, Meadow & Shrubland"
43.72,116.63,954.4,1.055,309,183390,1196,2579,0.497411,4.80226,7.11398,1.33064,9.65666,21.361,14.5501,1197,131.705,2.00313,"Temperate Grassland, Meadow & Shrubland"
43.72,116.63,786.5,1.055,309,183390,1196,2579,0.497411,4.80226,7.11398,1.33064,9.65666,21.361,14.5501,1197,131.705,2.00313,"Temperate Grassland, Meadow & Shrubland"
43.63,116.7,403.3333333,1.12667,317,183610,1188,2668,0.523562,5.72438,6.97756,1.26544,10.9426,26.4396,13.102,1184,212.733,0.571753,"Temperate Grassland, Meadow & Shrubland"
43.63,116.7,114,1.12667,317,183610,1188,2668,0.523562,5.72438,6.97756,1.26544,10.9426,26.4396,13.102,1184,212.733,0.571753,"Temperate Grassland, Meadow & Shrubland"
43.96,116.37,164,1.29633,283,185114,1224,2314,0.494721,4.67372,7.09014,1.38066,9.45588,24.875,16.1252,1133,194.511,0.827889,"Temperate Grassland, Meadow & Shrubland"
43.71666667,116.6333333,265.4,1.05833,308,183586,1195,2576,0.50134,4.4731,7.1175,1.3091,8.9224,12.417,12.135,1182,124.715,1.36104,"Temperate Grassland, Meadow & Shrubland"
43.43333333,116.0666667,249.875,0.275,322,185019,1176,2737,0.58696,6.1847,6.6234,1.1977,10.537,28.49,19.066,1440,9.95255,1.87244,"Temperate Grassland, Meadow & Shrubland"
43.71666667,116.6333333,179.7,1.05833,308,183586,1195,2576,0.50134,4.4731,7.1175,1.3091,8.9224,12.417,12.135,1182,124.715,1.36104,"Temperate Grassland, Meadow & Shrubland"
43.63333333,116.7,584.437,1.11667,318,183346,1189,2673,0.49979,5.5341,7.0786,1.2724,11.073,27.248,13.458,1188,211.5,0.576684,"Temperate Grassland, Meadow & Shrubland"
43.28333333,-89.36666667,465,7.55,842,157753,1067,7886,0.61703,8.1735,6.429,1.4448,13.247,59.155,23.218,296,190.655,0.363227,"Temperate Grassland, Meadow & Shrubland"
43.175,-90.067,400.99,7.90133,808,157444,1064,7584,0.799415,5.70793,6.15644,1.53372,7.15064,44.154,12.5813,221,134.001,0.0801055,"Temperate Grassland, Meadow & Shrubland"
43.13333333,-88.86666667,571,7.925,832,158059,1075,7736,0.67391,7.9469,6.1564,1.4917,11.792,52.108,22.747,241,273.515,0.435894,"Temperate Grassland, Meadow & Shrubland"
43.63333333,116.7,870.9396667,1.11667,318,183346,1189,2673,0.49979,5.5341,7.0786,1.2724,11.073,27.248,13.458,1188,211.5,0.576684,"Temperate Grassland, Meadow & Shrubland"
43.55083333,116.6752778,437.182,1.04369,321,184259,1193,2689,0.51079,4.66117,7.01148,1.28961,9.13114,16.2364,11.2885,1263,246.221,0.385254,"Temperate Grassland, Meadow & Shrubland"
43.54694444,116.6886111,443.124,1.01362,322,184151,1189,2706,0.511558,4.81117,7.013,1.31175,9.40597,19.0618,11.8457,1269,279.221,0.849485,"Temperate Grassland, Meadow & Shrubland"
43.95,-101.87,547,8.49333,434,174440,1504,2881,0.819952,7.58558,6.95922,1.67604,9.24662,39.4378,49.4508,737,17.7538,1.12621,"Temperate Grassland, Meadow & Shrubland"
43.75,-112,68,6.26667,298,179166,1344,2215,0.63548,8.3047,7.5667,1.496,13.068,39.312,24.884,1463,264.546,0.132235,Cool Semi-Desert Scrub & Grassland
43.75,-112,98,6.26667,298,179166,1344,2215,0.63548,8.3047,7.5667,1.496,13.068,39.312,24.884,1463,264.546,0.132235,Cool Semi-Desert Scrub & Grassland
43.82,-111.78,42,5.88667,364,177241,1316,2763,0.594558,8.06944,7.3302,1.50547,13.5625,42.7842,23.4985,1504,324.354,2.22397,Cool Semi-Desert Scrub & Grassland
43.82,-111.78,164,5.88667,364,177241,1316,2763,0.594558,8.06944,7.3302,1.50547,13.5625,42.7842,23.4985,1504,324.354,2.22397,Cool Semi-Desert Scrub & Grassland
44,-112,217,5.875,304,176950,1351,2248,0.59879,7.0916,7.3554,1.5131,11.843,40.292,22.769,1572,214.403,1.41293,Cool Semi-Desert Scrub & Grassland
42.78,112.7,940.9,4.92333,201,194210,1592,1259,0.481334,2.40494,7.62394,1.44108,4.99638,11.8192,9.60644,1093,192.449,0.342942,Cool Semi-Desert Scrub & Grassland
42.78,112.7,900.3,4.92333,201,194210,1592,1259,0.481334,2.40494,7.62394,1.44108,4.99638,11.8192,9.60644,1093,192.449,0.342942,Cool Semi-Desert Scrub & Grassland
43.03,-89.43,1073.333333,7.847,833,158908,1074,7753,0.612158,7.17623,6.4125,1.51268,11.735,58.2434,22.143,291,61.1683,0.878327,"Temperate Grassland, Meadow & Shrubland"
42.38333333,110.3833333,605.4,5.66667,174,196921,1638,1061,0.45616,2.3589,7.6766,1.3942,5.1712,32.2,17.74,1126,141.755,0.20227,Cool Semi-Desert Scrub & Grassland
42.21666667,116,992,2.60833,366,185714,1265,2891,0.46685,5.0025,7.0473,1.2741,10.715,30.489,19.434,1334,31.3363,1.19453,"Temperate Grassland, Meadow & Shrubland"
42.04,116.3,569.185,3.115,406,184888,1259,3224,0.472892,5.20296,6.97696,1.26654,11.0038,28.9618,17.6636,1333,268.286,1.80522,"Temperate Grassland, Meadow & Shrubland"
42.04,116.3,226.38,3.115,406,184888,1259,3224,0.472892,5.20296,6.97696,1.26654,11.0038,28.9618,17.6636,1333,268.286,1.80522,"Temperate Grassland, Meadow & Shrubland"
42.03333333,116.2833333,165.342,3.08333,405,184850,1260,3213,0.4733,5.3421,6.7877,1.2518,11.287,31.22,17.487,1344,215.99,1.76482,"Temperate Grassland, Meadow & Shrubland"
42.27916667,112.7955556,806.2625,4.61722,231,191940,1512,1526,0.479249,2.83322,7.55017,1.46458,5.91193,24.5109,15.6567,1196,118.648,0.203194,Cool Semi-Desert Scrub & Grassland
42.03333333,116.2833333,661.199,3.08333,405,184850,1260,3213,0.4733,5.3421,6.7877,1.2518,11.287,31.22,17.487,1344,215.99,1.76482,"Temperate Grassland, Meadow & Shrubland"
42.03333333,116.2833333,728.7223725,3.08333,405,184850,1260,3213,0.4733,5.3421,6.7877,1.2518,11.287,31.22,17.487,1344,215.99,1.76482,"Temperate Grassland, Meadow & Shrubland"
41.62,110.97,99.2,3.69533,239,194889,1469,1624,0.512231,4.03825,7.0457,1.46418,7.88227,38.6833,20.5202,1500,17.9819,0.409376,Cool Semi-Desert Scrub & Grassland
41.13,-104.82,263.6643,7.768,388,188866,1615,2399,0.509751,4.94245,6.81265,1.54307,9.69593,22.6356,21.6026,1848,117.454,0.273053,"Temperate Grassland, Meadow & Shrubland"
41.13,-104.82,414.3268,7.768,388,188866,1615,2399,0.509751,4.94245,6.81265,1.54307,9.69593,22.6356,21.6026,1848,117.454,0.273053,"Temperate Grassland, Meadow & Shrubland"
41.87,-113.08,396.06,9.15933,277,192446,1689,1639,0.381597,3.38011,7.7394,1.53993,8.85817,40.0536,20.9235,1368,184.218,0.456597,Cool Semi-Desert Scrub & Grassland
41.87,-113.08,233.823,9.15933,277,192446,1689,1639,0.381597,3.38011,7.7394,1.53993,8.85817,40.0536,20.9235,1368,184.218,0.456597,Cool Semi-Desert Scrub & Grassland
41.4,-105.2666667,56.7633,5.75,342,187004,1506,2270,0.6475,5.3943,7.1195,1.5737,8.331,36.101,22.995,2203,65.9094,1.5567,"Temperate Grassland, Meadow & Shrubland"
41.55,-93.28333333,366.5,9.60833,921,166266,1208,7620,0.76803,6.2153,6.2001,1.5041,8.0926,54.975,27.807,265,79.9396,0.501077,"Temperate Grassland, Meadow & Shrubland"
41.78333333,111.8833333,561.6,3.6,224,193470,1450,1544,0.51877,4.0774,7.3981,1.4304,7.8598,40.368,21.206,1436,211.695,0.465779,Cool Semi-Desert Scrub & Grassland
41.08,-113.08,315,10.1727,245,197411,1762,1389,0.429304,3.34229,8.03604,1.54786,7.77396,40.6086,27.4948,1287,275.322,0.109742,Cool Semi-Desert Scrub & Grassland
41.87,-112.75,272,8.80333,315,191663,1635,1928,0.405946,3.68328,7.6062,1.52738,9.07324,47.0378,22.214,1420,226.206,0.8943,Cool Semi-Desert Scrub & Grassland
41.87,-112.75,186,8.80333,315,191663,1635,1928,0.405946,3.68328,7.6062,1.52738,9.07324,47.0378,22.214,1420,226.206,0.8943,Cool Semi-Desert Scrub & Grassland
41.87,-112.75,443,8.80333,315,191663,1635,1928,0.405946,3.68328,7.6062,1.52738,9.07324,47.0378,22.214,1420,226.206,0.8943,Cool Semi-Desert Scrub & Grassland
40.8,-96.7,1226,10.7917,765,175406,1413,5412,0.7248,7.3702,6.1991,1.5054,10.169,48.724,28.705,367,257.357,0.615576,"Temperate Grassland, Meadow & Shrubland"
40.8,-96.7,1002,10.7917,765,175406,1413,5412,0.7248,7.3702,6.1991,1.5054,10.169,48.724,28.705,367,257.357,0.615576,"Temperate Grassland, Meadow & Shrubland"
40.8,-96.7,748,10.7917,765,175406,1413,5412,0.7248,7.3702,6.1991,1.5054,10.169,48.724,28.705,367,257.357,0.615576,"Temperate Grassland, Meadow & Shrubland"
40.05,-105.58,198,0.378333,641,188056,1187,5397,0.688574,11.049,5.3145,1.68788,16.0498,36.9816,16.6342,3391,132.562,5.65428,"Temperate Grassland, Meadow & Shrubland"
40.05,-105.58,230,0.378333,641,188056,1187,5397,0.688574,11.049,5.3145,1.68788,16.0498,36.9816,16.6342,3391,132.562,5.65428,"Temperate Grassland, Meadow & Shrubland"
40.05,-105.58,364,0.378333,641,188056,1187,5397,0.688574,11.049,5.3145,1.68788,16.0498,36.9816,16.6342,3391,132.562,5.65428,"Temperate Grassland, Meadow & Shrubland"
40.82,-104.77,568,8.979,368,192273,1710,2150,0.415709,3.14791,6.65658,1.63325,7.57144,29.0046,20.7121,1648,151.327,0.600506,"Temperate Grassland, Meadow & Shrubland"
40.46,-104.46,138.5,9.73167,351,196034,1764,1991,0.450198,3.23169,7.02804,1.5427,7.2022,23.8953,17.6714,1436,293.522,0.678638,"Temperate Grassland, Meadow & Shrubland"
40.46,-104.46,173.375,9.73167,351,196034,1764,1991,0.450198,3.23169,7.02804,1.5427,7.2022,23.8953,17.6714,1436,293.522,0.678638,"Temperate Grassland, Meadow & Shrubland"
40.8,-104.8,92.924675,8.91667,371,192188,1703,2177,0.40393,3.2202,6.6013,1.6369,7.9721,21.347,19.68,1653,210.194,0.763294,"Temperate Grassland, Meadow & Shrubland"
40.41666667,107.8333333,246.44,7.38333,197,198880,1656,1188,0.36168,2.2588,7.7432,1.2977,6.2452,37.453,22.724,1181,287.557,0.273592,Cool Semi-Desert Scrub & Grassland
40.81666667,-104.7666667,91.25,9.00833,367,192401,1711,2144,0.42821,3.2838,6.5316,1.6169,7.6687,29.726,21.964,1642,171.236,0.531931,"Temperate Grassland, Meadow & Shrubland"
40.81666667,-104.7666667,335.1,9.00833,367,192401,1711,2144,0.42821,3.2838,6.5316,1.6169,7.6687,29.726,21.964,1642,171.236,0.531931,"Temperate Grassland, Meadow & Shrubland"
40.81666667,-104.7666667,246.2,9.00833,367,192401,1711,2144,0.42821,3.2838,6.5316,1.6169,7.6687,29.726,21.964,1642,171.236,0.531931,"Temperate Grassland, Meadow & Shrubland"
40.8,-104.8,568,8.91667,371,192188,1703,2177,0.40393,3.2202,6.6013,1.6369,7.9721,21.347,19.68,1653,210.194,0.763294,"Temperate Grassland, Meadow & Shrubland"
40,-105,780,10.0583,430,197229,1782,2412,0.50477,4.5944,6.892,1.5753,9.102,30.093,19.528,1593,65.293,0.674426,"Temperate Grassland, Meadow & Shrubland"
38.95,-92.33,429,12.3583,1022,174070,1369,7460,0.634898,6.72548,6.75008,1.53796,10.5934,61.8852,28.005,230,226.452,0.646571,"Temperate Grassland, Meadow & Shrubland"
39.17,-96.5,341,12.5033,886,182028,1524,5810,0.772168,8.75988,6.40052,1.552,11.3198,50.7222,33.339,309,14.5501,0.530037,"Temperate Grassland, Meadow & Shrubland"
38.95,-99.33,583.2142857,11.8367,587,192556,1729,3396,0.647882,5.1648,6.90056,1.51708,7.97088,51.5712,23.393,666,166.47,0.101534,"Temperate Grassland, Meadow & Shrubland"
38.87,-99.38,1062,12.0073,575,193087,1747,3292,0.616005,6.13294,7.23825,1.53811,9.95444,49.9918,22.627,645,74.2707,1.10197,"Temperate Grassland, Meadow & Shrubland"
39.13333333,100.15,370.93,7.75,189,200801,1655,1141,0.42401,4.6258,7.8092,1.2819,10.91,33.065,19.925,1464,36.8442,0.42176,"Alpine Scrub, Forb Meadow & Grassland"
38.82,99.9,358.1,-1.85833,367,195916,1088,3372,0.724506,8.55372,7.26812,1.1824,11.7599,41.6296,18.1968,2841,216.33,3.79208,"Alpine Scrub, Forb Meadow & Grassland"
39.1,98.23,301.4,-5.50167,277,198178,911,3038,0.741924,7.35436,6.78698,1.31572,9.91258,38.8748,10.7386,3476,329.264,4.81845,"Alpine Scrub, Forb Meadow & Grassland"
39.18,98,81.6,-1.77667,213,201286,1146,1859,0.75608,3.45318,7.32104,1.23922,4.53844,36.0408,18.8236,2936,326.45,5.10623,"Alpine Scrub, Forb Meadow & Grassland"
38.86666667,-99.38333333,196.875,11.9667,574,193071,1744,3289,0.61962,6.171,7.2373,1.5547,9.9593,46.046,21.318,656,80.6525,1.18625,"Temperate Grassland, Meadow & Shrubland"
39.15,-96.91666667,177.536,12.525,839,184435,1551,5407,0.739,8.0805,6.225,1.5352,10.934,45.018,25.706,346,229.943,0.381476,"Temperate Grassland, Meadow & Shrubland"
39.09305556,-96.55861111,293.675,12.0116,893,182058,1497,5965,0.94405,10.31,5.97299,1.54203,10.9212,48.6622,36.2759,416,121.856,1.03195,"Temperate Grassland, Meadow & Shrubland"
39.25,-121.2833333,182.90425,16.325,939,202248,1905,4926,0.47228,5.5084,5.9138,1.7342,11.663,40.725,20.48,259,131.6,5.97702,"Mediterranean Scrub, Grassland & Forb Meadow"
39.15,-96.91666667,518.5,12.525,839,184435,1551,5407,0.739,8.0805,6.225,1.5352,10.934,45.018,25.706,346,229.943,0.381476,"Temperate Grassland, Meadow & Shrubland"
38.87,-99.38,1062,12.0073,575,193087,1747,3292,0.616005,6.13294,7.23825,1.53811,9.95444,49.9918,22.627,645,74.2707,1.10197,"Temperate Grassland, Meadow & Shrubland"
38.87,-99.38,793.3333333,12.0073,575,193087,1747,3292,0.616005,6.13294,7.23825,1.53811,9.95444,49.9918,22.627,645,74.2707,1.10197,"Temperate Grassland, Meadow & Shrubland"
38.54,100.29,1442.8,-3.122,407,196081,959,4251,0.92527,10.9711,7.00102,0.978894,11.8396,37.0529,16.6529,3123,343.909,16.7932,"Alpine Scrub, Forb Meadow & Grassland"
38.54,100.29,964.93,-3.122,407,196081,959,4251,0.92527,10.9711,7.00102,0.978894,11.8396,37.0529,16.6529,3123,343.909,16.7932,"Alpine Scrub, Forb Meadow & Grassland"
38.54,100.29,1276.95,-3.122,407,196081,959,4251,0.92527,10.9711,7.00102,0.978894,11.8396,37.0529,16.6529,3123,343.909,16.7932,"Alpine Scrub, Forb Meadow & Grassland"
38.54,100.29,1073.14,-3.122,407,196081,959,4251,0.92527,10.9711,7.00102,0.978894,11.8396,37.0529,16.6529,3123,343.909,16.7932,"Alpine Scrub, Forb Meadow & Grassland"
38.77,99.8,546.9,-4.31167,380,195895,906,4190,0.821344,10.2164,6.90772,1.10538,12.4412,40.9318,17.023,3134,262.769,4.36671,"Alpine Scrub, Forb Meadow & Grassland"
38.8,99.82,410.7,-3.66333,376,195794,966,3889,0.786766,9.52788,7.05666,1.15564,12.11,41.0242,18.1086,3012,354.344,3.43186,"Alpine Scrub, Forb Meadow & Grassland"
38.55,68.58,315,13.9033,507,193071,1609,3150,0.452034,4.94602,7.51834,1.41328,10.942,38.0348,35.86,848,164.902,1.6928,"Temperate Grassland, Meadow & Shrubland"
38.67,-94,547,12.4333,1030,177649,1403,7337,0.7122,7.0564,6.13918,1.55868,9.9076,62.6686,29.1626,266,122.136,0.327415,"Temperate Grassland, Meadow & Shrubland"
38.67,-94,577.7777778,12.4333,1030,177649,1403,7337,0.7122,7.0564,6.13918,1.55868,9.9076,62.6686,29.1626,266,122.136,0.327415,"Temperate Grassland, Meadow & Shrubland"
37.37,101.63,1012.2,0.474333,486,190199,1065,4556,0.718602,6.45016,6.88268,1.12096,8.90141,34.4894,16.6478,2835,175.108,1.65684,"Alpine Scrub, Forb Meadow & Grassland"
36.95,-96.55,656.1666667,14.125,920,187782,1654,5561,0.57983,9.0888,5.9128,1.5373,15.675,54.331,29.978,397,259.972,0.352079,"Temperate Grassland, Meadow & Shrubland"
37.62,101.29,658.8,-1.806,468,190614,977,4791,0.754756,9.56493,6.63668,1.03211,12.6415,36.9841,21.1544,3192,246.457,1.44831,"Alpine Scrub, Forb Meadow & Grassland"
36.86666667,109.35,129.1,9.25833,487,187002,1406,3463,0.42853,5.3972,7.6961,1.2786,12.595,33.429,16.77,1234,204.815,3.16337,Cool Semi-Desert Scrub & Grassland
37.36666667,101.6333333,654,0.491667,485,190440,1067,4541,0.69793,5.0313,6.8811,1.1297,7.209,32.872,15.963,2832,155.838,2.30284,"Alpine Scrub, Forb Meadow & Grassland"
37.66666667,102.5333333,780.36,3.25,284,191208,1161,2444,0.68564,7.7755,7.6776,1.1696,11.341,31.801,15.485,2284,178.454,9.21356,"Alpine Scrub, Forb Meadow & Grassland"
37.2,102.5,722.6,-3.98333,478,183018,760,6285,0.88917,10.497,6.4473,0.99151,11.805,37.533,15.278,3490,267.715,6.91334,"Alpine Scrub, Forb Meadow & Grassland"
37.6,107.2,130.1,7.775,324,192717,1398,2316,0.44362,2.581,7.67,1.2791,5.8182,31.007,18.595,1585,36.6942,1.73352,Cool Semi-Desert Scrub & Grassland
36.86666667,109.35,250.4,9.25833,487,187002,1406,3463,0.42853,5.3972,7.6961,1.2786,12.595,33.429,16.77,1234,204.815,3.16337,Cool Semi-Desert Scrub & Grassland
36.86666667,109.35,508.3,9.25833,487,187002,1406,3463,0.42853,5.3972,7.6961,1.2786,12.595,33.429,16.77,1234,204.815,3.16337,Cool Semi-Desert Scrub & Grassland
37.02,99.57,152.25,0.616333,297,197222,1231,2411,0.7239,6.90891,7.02695,1.18659,9.5444,40.4334,20.0416,3226,102.154,0.405238,"Alpine Scrub, Forb Meadow & Grassland"
37.29,99.58,787.1,-1.76733,326,196748,1106,2943,0.756698,6.90754,6.72082,1.14909,9.12846,43.5094,17.3496,3502,150.97,1.46,"Alpine Scrub, Forb Meadow & Grassland"
37.4,-122.2333333,268.18,13.8833,586,200290,1477,3965,0.67336,7.1996,6.1973,1.543,10.692,40.853,24.358,157,191.014,2.21221,"Mediterranean Scrub, Grassland & Forb Meadow"
36.95,-96.55,542,14.125,920,187782,1654,5561,0.57983,9.0888,5.9128,1.5373,15.675,54.331,29.978,397,259.972,0.352079,"Temperate Grassland, Meadow & Shrubland"
36.52861111,-102.8336111,394.012,12.3664,411,213595,2102,1954,0.43867,3.6492,7.74355,1.57669,8.31874,23.7325,26.734,1370,113.02,0.354715,"Temperate Grassland, Meadow & Shrubland"
36.64583333,-101.2216667,374.251,13.8775,459,209712,2091,2193,0.410654,3.87737,7.58346,1.56056,9.43674,34.8328,19.6706,847,169.184,0.593754,"Temperate Grassland, Meadow & Shrubland"
36.43444444,-99.39944444,426.347,14.2967,591,201387,1926,3070,0.425474,4.22423,7.50541,1.49402,9.93114,45.3351,18.2899,598,44.3362,0.692428,"Temperate Grassland, Meadow & Shrubland"
36.125,-98.63194444,399.401,14.7681,681,199791,1851,3676,0.434005,4.73077,6.74737,1.54092,10.903,36.4922,17.6348,507,35.4261,0.788522,"Temperate Grassland, Meadow & Shrubland"
35.63055556,-98.50666667,394.012,15.1378,732,199920,1859,3935,0.474797,4.75069,6.46441,1.56774,10.0058,37.5516,19.8877,509,239.548,0.575678,"Temperate Grassland, Meadow & Shrubland"
35.24805556,-98.86138889,424.551,15.6485,732,201635,1934,3783,0.427987,3.85636,6.60544,1.55898,9.0058,32.6451,20.9646,465,75.0013,0.513006,"Temperate Grassland, Meadow & Shrubland"
34.98166667,-97.52055556,340.12,16.1933,920,196274,1774,5183,0.518381,5.87984,5.9848,1.60951,11.3584,38.8746,21.8311,333,111.614,0.574911,"Temperate Grassland, Meadow & Shrubland"
34.98,-97.52,297.02,16.1833,921,196207,1773,5191,0.514646,5.989,5.98896,1.60969,11.6588,39.1656,21.9736,331,98.3597,0.571598,"Temperate Grassland, Meadow & Shrubland"
34.98333333,-97.51666667,405,16.2167,920,196239,1773,5187,0.53116,5.7053,5.9579,1.6075,10.741,39.069,21.644,333,127.625,0.509346,"Temperate Grassland, Meadow & Shrubland"
34.98333333,-97.51666667,360.9676923,16.2167,920,196239,1773,5187,0.53116,5.7053,5.9579,1.6075,10.741,39.069,21.644,333,127.625,0.509346,"Temperate Grassland, Meadow & Shrubland"
35.3,-101.53,633,13.6417,517,214153,2136,2418,0.578524,5.13842,7.33114,1.68516,8.88238,48.0424,30.9118,1078,118.284,0.185955,"Temperate Grassland, Meadow & Shrubland"
35,38,108,16.075,183,219192,2133,857,0.23224,2.4981,8.2308,1.4444,10.757,42.099,42.329,920,23.0355,1.26067,"Mediterranean Scrub, Grassland & Forb Meadow"
35.3,-101.53,633.3333333,13.6417,517,214153,2136,2418,0.578524,5.13842,7.33114,1.68516,8.88238,48.0424,30.9118,1078,118.284,0.185955,"Temperate Grassland, Meadow & Shrubland"
34.50138889,-96.61638889,329.341,16.1125,1019,193486,1648,6180,0.51699,6.43872,6.02001,1.63228,12.4596,35.4364,22.1179,332,208.09,0.546724,"Temperate Grassland, Meadow & Shrubland"
34.03055556,-95.42333333,383.234,16.8439,1187,190961,1583,7491,0.529463,4.86592,6.06563,1.61237,9.18572,41.0357,26.5421,132,54.3684,0.417223,"Temperate Grassland, Meadow & Shrubland"
34.49166667,99.85833333,792.44,-3.59167,512,178933,869,5890,0.85989,9.9463,6.4614,1.0086,11.567,35.229,14.567,4258,222.808,8.24575,"Alpine Scrub, Forb Meadow & Grassland"
34.49166667,99.85833333,1347.97,-3.59167,512,178933,869,5890,0.85989,9.9463,6.4614,1.0086,11.567,35.229,14.567,4258,222.808,8.24575,"Alpine Scrub, Forb Meadow & Grassland"
34.49166667,99.85833333,1308.86,-3.59167,512,178933,869,5890,0.85989,9.9463,6.4614,1.0086,11.567,35.229,14.567,4258,222.808,8.24575,"Alpine Scrub, Forb Meadow & Grassland"
32.81666667,102.5666667,419.535,2.8,706,159000,988,7142,0.71734,8.9067,6.2207,1.0382,12.416,41.284,20.78,3484,229.865,0.606913,"Alpine Scrub, Forb Meadow & Grassland"
32.6,-106.85,114.5333333,15.2,272,239290,2383,1140,0.25185,2.4107,7.8009,1.609,9.5718,26.18,19.8,1321,57.9902,0.395975,Warm Semi-Desert Scrub & Grassland
32.8,102.55,642.293,2.76667,702,159235,985,7122,0.71544,8.2967,6.2074,1.0466,11.597,37.218,20.653,3489,333.272,0.287342,"Alpine Scrub, Forb Meadow & Grassland"
32.65,83,75.26,-4.35833,67,198007,1179,568,0.73242,3.1304,6.998,1.2657,4.2741,42.142,12.013,4971,11.0903,5.11711,"Alpine Scrub, Forb Meadow & Grassland"
32.6,-106.85,147,15.2,272,239290,2383,1140,0.25185,2.4107,7.8009,1.609,9.5718,26.18,19.8,1321,57.9902,0.395975,Warm Semi-Desert Scrub & Grassland
33,3,62,19.3,105,233510,2635,398,0.33096,3.6284,7.8465,1.4469,10.963,28.596,29.31,728,150.243,0.108224,"Mediterranean Scrub, Grassland & Forb Meadow"
32,78,633.2979125,-8.15,427,190409,885,4821,0.45828,3.9319,7.8272,1.447,8.5797,42.755,24.939,5253,87.1105,7.49698,"Alpine Scrub, Forb Meadow & Grassland"
31.9,91.7,151.6,-2.45,427,201089,1081,3947,0.70525,5.6356,7.1119,1.3277,7.9909,40.857,9.0493,4693,328.668,3.63323,"Alpine Scrub, Forb Meadow & Grassland"
32.3,88.05,104.86,-3.50833,275,199162,1156,2378,0.79088,3.5031,7.1713,1.3456,4.4293,44.075,10.479,4945,101.781,4.74868,"Alpine Scrub, Forb Meadow & Grassland"
31.48333333,-96.88333333,241,19.1417,918,197201,1810,5069,0.60087,6.2835,7.5898,1.7299,10.457,44.392,40.819,161,61.2209,0.514453,"Temperate Grassland, Meadow & Shrubland"
30.47,79.33,267.5,10.734,2004,200247,1384,14495,0.536488,7.99608,5.91016,1.40134,14.8994,43.4676,24.4573,3181,193.394,25.896,"Alpine Scrub, Forb Meadow & Grassland"
30.5,79.25,280,13.9167,1763,202297,1454,12120,0.60246,8.3938,5.7422,1.3965,13.932,43.666,25.785,2181,189.918,16.7122,"Alpine Scrub, Forb Meadow & Grassland"
30.5,79.25,380,13.9167,1763,202297,1454,12120,0.60246,8.3938,5.7422,1.3965,13.932,43.666,25.785,2181,189.918,16.7122,"Alpine Scrub, Forb Meadow & Grassland"
30.17,78.78,733.5,20.372,1253,211938,1685,7435,0.419557,4.69708,5.93409,1.45082,11.2068,41.2705,23.86,1008,88.3421,5.34383,"Temperate Grassland, Meadow & Shrubland"
30.17,78.78,811,20.372,1253,211938,1685,7435,0.419557,4.69708,5.93409,1.45082,11.2068,41.2705,23.86,1008,88.3421,5.34383,"Temperate Grassland, Meadow & Shrubland"
30.18,79.67,122,9.688,2061,199509,1348,15288,0.586517,8.72602,5.7465,1.39722,14.8786,41.0608,27.0306,3108,168.092,8.40533,"Alpine Scrub, Forb Meadow & Grassland"
30.18,79.67,166,9.688,2061,199509,1348,15288,0.586517,8.72602,5.7465,1.39722,14.8786,41.0608,27.0306,3108,168.092,8.40533,"Alpine Scrub, Forb Meadow & Grassland"
30.18,79.67,188,9.688,2061,199509,1348,15288,0.586517,8.72602,5.7465,1.39722,14.8786,41.0608,27.0306,3108,168.092,8.40533,"Alpine Scrub, Forb Meadow & Grassland"
30.18,79.67,250,9.688,2061,199509,1348,15288,0.586517,8.72602,5.7465,1.39722,14.8786,41.0608,27.0306,3108,168.092,8.40533,"Alpine Scrub, Forb Meadow & Grassland"
30.18,79.67,95,9.688,2061,199509,1348,15288,0.586517,8.72602,5.7465,1.39722,14.8786,41.0608,27.0306,3108,168.092,8.40533,"Alpine Scrub, Forb Meadow & Grassland"
30.25,78.42,116,18.4283,1974,210750,1638,12050,0.509748,4.9982,5.9323,1.40664,9.80276,45.978,24.6354,1506,95.7291,13.3762,"Alpine Scrub, Forb Meadow & Grassland"
30.25,78.42,155,18.4283,1974,210750,1638,12050,0.509748,4.9982,5.9323,1.40664,9.80276,45.978,24.6354,1506,95.7291,13.3762,"Alpine Scrub, Forb Meadow & Grassland"
30.25,78.42,305,18.4283,1974,210750,1638,12050,0.509748,4.9982,5.9323,1.40664,9.80276,45.978,24.6354,1506,95.7291,13.3762,"Alpine Scrub, Forb Meadow & Grassland"
30.25,78.42,281,18.4283,1974,210750,1638,12050,0.509748,4.9982,5.9323,1.40664,9.80276,45.978,24.6354,1506,95.7291,13.3762,"Alpine Scrub, Forb Meadow & Grassland"
8.93,-67.42,194.8,27.783,1221,205497,1872,6516,0.34873,3.26121,5.46026,1.2911,9.34735,21.6426,24.1477,105,301.643,0.544225,Tropical
8.93,-67.42,307,27.783,1221,205497,1872,6516,0.34873,3.26121,5.46026,1.2911,9.34735,21.6426,24.1477,105,301.643,0.544225,Tropical
8,-5,1200,26.5083,1030,208844,1686,6106,0.24863,3.0522,6.2308,1.4024,12.276,18.308,17.341,275,258.961,0.482564,Tropical
6.22,-5.03,1320,26.797,1154,208601,1589,7260,0.270082,3.49652,6.17026,1.39055,12.9912,18.9998,22.5549,84,199.016,0.723819,Tropical
6.22,-5.03,1320,26.797,1154,208601,1589,7260,0.270082,3.49652,6.17026,1.39055,12.9912,18.9998,22.5549,84,199.016,0.723819,Tropical
6.22,-5.03,1900,26.797,1154,208601,1589,7260,0.270082,3.49652,6.17026,1.39055,12.9912,18.9998,22.5549,84,199.016,0.723819,Tropical
6.22,-5.03,1330,26.797,1154,208601,1589,7260,0.270082,3.49652,6.17026,1.39055,12.9912,18.9998,22.5549,84,199.016,0.723819,Tropical
6.22,-5.03,1040,26.797,1154,208601,1589,7260,0.270082,3.49652,6.17026,1.39055,12.9912,18.9998,22.5549,84,199.016,0.723819,Tropical
6.22,-5.03,1220,26.797,1154,208601,1589,7260,0.270082,3.49652,6.17026,1.39055,12.9912,18.9998,22.5549,84,199.016,0.723819,Tropical
6.22,-5.03,1320,26.797,1154,208601,1589,7260,0.270082,3.49652,6.17026,1.39055,12.9912,18.9998,22.5549,84,199.016,0.723819,Tropical
6.22,-5.03,1320,26.797,1154,208601,1589,7260,0.270082,3.49652,6.17026,1.39055,12.9912,18.9998,22.5549,84,199.016,0.723819,Tropical
6.22,-5.03,2040,26.797,1154,208601,1589,7260,0.270082,3.49652,6.17026,1.39055,12.9912,18.9998,22.5549,84,199.016,0.723819,Tropical
6.22,-5.03,1900,26.797,1154,208601,1589,7260,0.270082,3.49652,6.17026,1.39055,12.9912,18.9998,22.5549,84,199.016,0.723819,Tropical
6.22,-5.03,1330,26.797,1154,208601,1589,7260,0.270082,3.49652,6.17026,1.39055,12.9912,18.9998,22.5549,84,199.016,0.723819,Tropical
6.22,-5.03,1040,26.797,1154,208601,1589,7260,0.270082,3.49652,6.17026,1.39055,12.9912,18.9998,22.5549,84,199.016,0.723819,Tropical
6.22,-5.03,1220,26.797,1154,208601,1589,7260,0.270082,3.49652,6.17026,1.39055,12.9912,18.9998,22.5549,84,199.016,0.723819,Tropical
-1.33,36.83,353.27,19.0233,797,207697,1678,4746,0.488962,5.9765,6.36791,1.33078,12.2289,24.7493,47.8428,1657,89.3662,0.370829,Warm Semi-Desert Scrub & Grassland
-2.67,34.85,173.474,19.86,802,218833,1819,4408,0.468258,5.78716,6.09314,1.33792,12.3586,23.4566,45.6732,1593,239.734,0.511124,Warm Semi-Desert Scrub & Grassland
-2.63,34.75,299.799,20.0767,807,220786,1823,4427,0.45951,5.6043,6.0253,1.3253,12.2134,19.3924,45.585,1558,127.219,0.963952,Warm Semi-Desert Scrub & Grassland
-2.59,34.73,538.333,19.9483,830,220908,1807,4593,0.50121,6.28075,6.01752,1.29233,12.5576,18.8404,35.585,1589,250.343,3.66387,Warm Semi-Desert Scrub & Grassland
-2.53,34.74,743.432,20.283,820,221650,1846,4440,0.447931,5.32369,5.99474,1.34024,11.886,21.5964,42.7927,1547,294.01,0.487085,Warm Semi-Desert Scrub & Grassland
-2.52,34.55,549.873,20.8783,824,222590,1873,4397,0.4339,4.71564,5.97454,1.31592,10.8718,19.6244,45.7076,1452,281.578,0.590048,Warm Semi-Desert Scrub & Grassland
-2.38,34.7,442.238,20.915,833,222891,1864,4466,0.356534,5.05194,5.97396,1.31206,14.191,18.4474,36.6386,1452,299.277,2.40173,Warm Semi-Desert Scrub & Grassland
-2.3,34.6,525.605,21.675,826,224656,1938,4260,0.41882,4.043,6.1041,1.3208,9.6532,20.945,49.36,1316,105.533,0.397782,Warm Semi-Desert Scrub & Grassland
-2.2,34.43,112,22.09,845,225346,1949,4335,0.395994,3.99772,6.2497,1.35736,10.0921,10.6994,42.5732,1253,219.194,0.300873,Warm Semi-Desert Scrub & Grassland
-2.95,34.75,224.197,19.975,771,219820,1842,4185,0.45563,5.9393,5.9613,1.3305,13.035,22.218,48.495,1595,251.012,0.650875,Warm Semi-Desert Scrub & Grassland
-2.86,34.81,329.043,19.6207,801,218426,1807,4428,0.479546,6.06338,6.14844,1.33246,12.6444,24.7802,47.9872,1643,72.9856,0.400591,Warm Semi-Desert Scrub & Grassland
-2.83,34.76,278.715,19.5033,812,219567,1794,4524,0.470305,5.82879,6.02469,1.33756,12.3945,20.1312,38.2002,1673,81.7845,2.87265,Warm Semi-Desert Scrub & Grassland
-10.25305556,-46.66777778,970,24.8664,1303,199391,1617,8056,0.3284,3.5811,5.24216,1.27912,10.9124,14.7562,22.0291,418,184.877,0.627777,Tropical
-10.25305556,-46.66777778,1250,24.8664,1303,199391,1617,8056,0.3284,3.5811,5.24216,1.27912,10.9124,14.7562,22.0291,418,184.877,0.627777,Tropical
-18.12,140.88,120,27.028,742,257333,2608,2846,0.179935,2.92229,6.0299,1.26156,16.238,53.153,21.8146,14,272.287,0.0998214,Tropical
-21.96666667,-47.38333333,809,21.8333,1330,182514,1544,8612,0.46338,5.3325,5.8199,1.25,11.508,28.772,28.83,611,87.6181,0.435583,Tropical
-20.98,141.8,91.11111111,25.3783,430,260716,2940,1461,0.148596,1.74724,6.34852,1.27584,11.7608,58.4278,11.6446,143,20.6796,0.0672022,Tropical
-22.37,146.69,77.77777778,23.0833,591,250149,2360,2503,0.138401,3.08984,5.81006,1.29941,22.3143,51.6852,11.0894,234,296.968,0.106086,Tropical
-23.3,150.51,171.1111111,22.56,895,234483,2088,4287,0.173594,3.53406,6.06986,1.22068,20.3586,50.023,9.99832,27,201.8,0.398389,Tropical
-24.65,28.7,325,19.0833,567,241812,2046,2771,0.34684,2.4279,6.3903,1.4524,7.0002,16.189,26.904,1110,327.271,1.03527,"Temperate Grassland, Meadow & Shrubland"
-25.08,146.5,262.2222222,20.295,549,245638,2323,2360,0.14154,2.59354,5.81524,1.29864,18.3468,42.3758,12.5752,474,222.566,0.243646,Tropical
-24.19,150.69,173.3333333,19.8087,756,230723,1886,4009,0.178265,4.28869,6.06416,1.254,24.0833,37.0821,14.9054,416,209.475,1.06015,Tropical
-24.16,150.95,308.8888889,21.68,786,233413,2010,3909,0.156432,3.37162,6.13566,1.26636,21.5634,47.0688,12.9328,104,33.843,0.6875,Tropical
-25.67,151.75,200,20.585,754,227100,1925,3915,0.177818,5.2535,6.26836,1.25328,29.5856,36.2878,14.3268,206,251.235,2.4941,Tropical
-26.4,146.27,60,20.8533,477,243442,2358,2020,0.124646,2.52112,6.02388,1.30742,20.2162,46.3802,11.0332,311,288.866,0.154112,Tropical
-26.4,146.27,165,20.8533,477,243442,2358,2020,0.124646,2.52112,6.02388,1.30742,20.2162,46.3802,11.0332,311,288.866,0.154112,Tropical
-27.03,152.02,155.5555556,18.5373,828,219362,1788,4631,0.166433,5.07927,6.61444,1.23512,30.4118,41.2028,18.7512,379,156.719,1.78304,Tropical
-26.76,148.82,111.1111111,20.207,570,233763,2134,2671,0.143239,3.16163,6.24881,1.31003,22.0471,50.6187,13.5381,304,76.2214,0.880184,Tropical
-26.58,148.77,126.6666667,20.2287,576,233973,2127,2706,0.150084,3.85945,6.1703,1.32999,25.7786,49.569,16.5834,314,150.379,0.282881,Tropical
-26.48,148.68,124.4444444,19.9573,572,235165,2116,2702,0.142476,4.29941,6.3256,1.31904,30.1428,57.7228,14.4813,318,204.092,0.482668,Tropical
-27.75,152.45,220,19.5333,877,217794,1848,4744,0.16157,5.0081,6.4043,1.2187,30.996,33.198,17.016,103,128.614,0.594202,Tropical
-31.5,-57.3,398.692,18.4,1348,199505,1666,8089,0.63938,7.0482,5.5648,1.1968,11.024,33.929,28.641,135,241.839,0.321857,"Temperate Grassland, Meadow & Shrubland"
-31.62,-64.81,723.41,9.64433,662,204252,1632,4052,0.524706,5.79802,6.67828,1.13874,11.0705,30.4936,21.4426,2178,233.71,1.41742,"Mediterranean Scrub, Grassland & Forb Meadow"
-31.9,-55.8,368.411,18,1287,194191,1590,8090,0.56657,6.5586,5.3767,1.1889,11.576,22.382,29.299,137,138.107,0.51334,"Temperate Grassland, Meadow & Shrubland"
-33.1,-54.2,351.625,16.8083,1319,189207,1366,9655,0.67696,8.6625,5.6887,1.1728,12.796,38.444,30.729,110,51.201,0.55384,"Temperate Grassland, Meadow & Shrubland"
-34.33,-56.97,390.55,16.8593,1168,194473,1530,7627,0.747125,8.6043,6.00229,1.17809,11.5187,37.0824,29.9816,54,196.074,0.421341,"Temperate Grassland, Meadow & Shrubland"
-34.5,-56.5,359.998,16.675,1097,195947,1494,7339,0.7249,7.8456,5.8131,1.1593,10.823,48.61,26.48,30,122.363,0.520223,"Temperate Grassland, Meadow & Shrubland"
-34,-57.4,385.236,16.9583,1182,196180,1531,7720,0.75973,8.5849,5.8084,1.1747,11.3,32.862,30.338,102,249.473,0.914561,"Temperate Grassland, Meadow & Shrubland"
-33.8,-59.9,358.345,17.1417,1006,199880,1550,6489,0.66437,6.7552,6.0493,1.2093,10.168,59.008,29.099,37,120.43,0.348835,"Temperate Grassland, Meadow & Shrubland"
-35.22,149.13,741,13.2577,693,205877,1487,4655,0.32987,5.79016,6.32342,1.111,17.5535,33.8061,21.031,586,147.627,0.633145,"Alpine Scrub, Forb Meadow & Grassland"
-35.33,149.36,1045,11.7623,714,204365,1374,5197,0.380978,7.4325,5.90812,1.04467,19.5322,46.4126,19.5714,793,157.922,1.72857,"Alpine Scrub, Forb Meadow & Grassland"
-35.5,-61.8,396.982,15.825,973,198689,1534,6339,0.52818,5.9626,6.7175,1.1997,11.289,37.353,22.84,88,91.8359,0.207922,"Temperate Grassland, Meadow & Shrubland"
-36.26,-58.27,243.56,15.0987,954,191694,1323,7212,0.856588,6.88861,6.83146,1.19498,8.08123,46.3873,27.1845,15,17.9017,0.0331364,"Temperate Grassland, Meadow & Shrubland"
-36.6,-58.1,339.813,14.8083,930,190659,1302,7138,0.71447,7.5484,6.8557,1.1958,10.565,36.925,28.837,20,13.8665,0.0107923,"Temperate Grassland, Meadow & Shrubland"
-37.9,-59.8,417.897,13.675,794,188062,1407,5641,0.69477,5.5967,6.7031,1.2007,8.0554,34.227,28.379,176,118.998,0.0758231,"Temperate Grassland, Meadow & Shrubland"
-37.3,-61.9,338.131,14.5333,848,193921,1561,5432,0.59986,7.1158,6.64,1.2233,11.862,35.188,26.14,210,0,0.11055,"Temperate Grassland, Meadow & Shrubland"
-38.02,-62.03,669,11.3753,818,188540,1496,5467,0.5878,6.16557,6.41856,1.13237,10.5037,24.8494,19.5314,889,66.5873,8.78613,"Temperate Grassland, Meadow & Shrubland"
-38.02,-62.03,695,11.3753,818,188540,1496,5467,0.5878,6.16557,6.41856,1.13237,10.5037,24.8494,19.5314,889,66.5873,8.78613,"Temperate Grassland, Meadow & Shrubland"
-38.02,-62.03,779,11.3753,818,188540,1496,5467,0.5878,6.16557,6.41856,1.13237,10.5037,24.8494,19.5314,889,66.5873,8.78613,"Temperate Grassland, Meadow & Shrubland"
-38.5,-62.2,174.7,14.6083,734,188978,1728,4247,0.50673,5.1237,6.9519,1.2112,10.111,32.706,25.043,163,195.949,0.420406,"Temperate Grassland, Meadow & Shrubland"
